{
  "feature": "gobber2:nether_gobber_nether_ore_configured",
  "placement": [
    {
      "type": "minecraft:count",
      "count": 2
    },
    {
      "type": "minecraft:in_square"
    },
    {
      "type": "minecraft:height_range",
      "height": {
        "type": "minecraft:uniform",
        "max_inclusive": {
          "absolute": 120
        },
        "min_inclusive": {
          "absolute": 5
        }
      }
    },
    {
      "type": "minecraft:biome"
    },
    {
      "type": "minecraft:rarity_filter",
      "chance": 2
    }
  ]
}