{
  "feature": "gobber2:end_gobber_end_ore_configured",
  "placement": [
    {
      "type": "minecraft:count",
      "count": 1
    },
    {
      "type": "minecraft:in_square"
    },
    {
      "type": "minecraft:height_range",
      "height": {
        "type": "minecraft:uniform",
        "max_inclusive": {
          "absolute": 120
        },
        "min_inclusive": {
          "absolute": 20
        }
      }
    },
    {
      "type": "minecraft:biome"
    },
    {
      "type": "minecraft:rarity_filter",
      "chance": 3
    }
  ]
}